[
  {
    "model": "Student.Course",
    "pk": 1,
    "fields": {
      "name": "CSE001",
      "description": "Course 1 for computer science semester 1",
      "image": "courses/courses.png"
    }
  },
  {
    "model": "Student.Course",
    "pk": 2,
    "fields": {
      "name": "CSE002",
      "description": "Course 2 for computer science semester 2",
      "image": "courses/courses.png"
    }
  },  {
    "model": "Student.Course",
    "pk": 3,
    "fields": {
      "name": "CSE003",
      "description": "Course 3 for computer science semester 3",
      "image": "courses/courses.png"
    }
  }
,  {
    "model": "Student.Course",
    "pk": 4,
    "fields": {
      "name": "CSE004",
      "description": "Course 4 for computer science semester 4",
      "image": "courses/courses.png"
    }
  }
]